,PATRICKL,PATRICKL2,PATRICKL3,PATRICKL4,PATRICKMETA,PATRICKL2_NMR_TARGET,PATRICKL3_NMR_TARGET
Cumulative Return (in %),7.189999999999998,-21.36,26.659999999999997,-6.989999999999995,-3.3499999999999943,-9.209999999999994,-0.04000000000000625
Last Week Return (in %),3.27,-6.93,7.55,1.45,-6.54,-5.62,-3.4
Avg Weekly Return (in %),0.15,-0.34,0.47,-0.45,-0.05,-0.82,0.1
VaR Weekly Return *,6.0,6.0,8.0,5.0,7.0,7.0,9.0
Sharpe Weekly Return **,2.27,-6.93,6.41,-3.2,-1.12,-2.89,-0.1
