,PATRICKL,PATRICKL2,PATRICKL3,PATRICKL4,PATRICKMETA,PATRICKL2_NMR_TARGET,PATRICKL3_NMR_TARGET
Cumulative Return (in %),-14.5,-17.200000000000003,49.370000000000005,-6.989999999999995,4.6200000000000045,0.9099999999999966,2.0400000000000063
Last Week Return (in %),-0.092,1.07,-1.5,1.45,9.8,3.17,2.08
Avg Weekly Return (in %),-0.15,-0.2,0.63,-0.45,0.22,0.08,0.25
VaR Weekly Return *,6.0,6.0,8.0,5.0,9.0,6.0,9.0
Sharpe Weekly Return **,-4.82,-5.56,12.58,-3.19,0.91,0.18,0.38
