,PATRICKL,PATRICKL2,PATRICKL3,PATRICKL4,PATRICKMETA,PATRICKL2_NMR_TARGET,PATRICKL3_NMR_TARGET
Cumulative Return (in %),4.019999999999996,-19.129999999999995,30.44999999999999,-6.989999999999995,-8.010000000000005,-8.049999999999997,-0.04000000000000625
Last Week Return (in %),-2.96,2.83,2.99,1.45,-4.82,1.28,-3.4
Avg Weekly Return (in %),0.1,-0.29,0.51,-0.45,-0.2,-0.64,0.1
VaR Weekly Return *,6.0,6.0,8.0,5.0,7.0,6.0,9.0
Sharpe Weekly Return **,1.23,-6.19,7.39,-3.16,-2.46,-2.59,-0.08
