,PATRICKL,PATRICKL2,PATRICKL3,PATRICKL4,PATRICKMETA,PATRICKL2_NMR_TARGET,PATRICKL3_NMR_TARGET
Cumulative Return (in %),-1.3700000000000045,-14.75,17.230000000000004,-6.989999999999995,3.8499999999999943,-3.799999999999997,-0.04000000000000625
Last Week Return (in %),0.73,-1.85,1.15,1.45,-0.55,-4.54,-3.4
Avg Weekly Return (in %),0.02,-0.22,0.35,-0.45,0.18,-0.34,0.1
VaR Weekly Return *,6.0,6.0,8.0,5.0,6.0,6.0,9.0
Sharpe Weekly Return **,-0.73,-5.07,4.04,-3.37,0.95,-1.48,-0.19
