,PATRICKL,PATRICKL2,PATRICKL3,PATRICKL4,PATRICKMETA,PATRICKL2_NMR_TARGET,PATRICKL3_NMR_TARGET
Cumulative Return (in %),-1.9500000000000028,-19.430000000000007,35.379999999999995,-6.989999999999995,-14.530000000000001,-9.370000000000005,2.0400000000000063
Last Week Return (in %),-5.74,-0.37,3.78,1.45,-7.09,-1.44,2.08
Avg Weekly Return (in %),0.02,-0.29,0.56,-0.45,-0.41,-0.7,0.25
VaR Weekly Return *,6.0,6.0,8.0,5.0,7.0,6.0,9.0
Sharpe Weekly Return **,-0.7,-6.3,8.65,-3.11,-4.17,-3.07,0.42
