,PATRICKL,PATRICKL2,PATRICKL3,PATRICKL4,PATRICKMETA,PATRICKL2_NMR_TARGET,PATRICKL3_NMR_TARGET
Cumulative Return (in %),-8.950000000000003,-18.120000000000005,40.02000000000001,-6.989999999999995,-11.090000000000003,-8.769999999999996,2.0400000000000063
Last Week Return (in %),0.016,-5.187,-1.241,1.45,4.65,-2.437,2.08
Avg Weekly Return (in %),-0.09,-0.25,0.59,-0.45,-0.27,-0.52,0.25
VaR Weekly Return *,6.0,6.0,8.0,5.0,7.0,6.0,9.0
Sharpe Weekly Return **,-2.96,-5.78,9.88,-3.13,-3.21,-2.91,0.41
