,PATRICKL,PATRICKL2,PATRICKL3,PATRICKL4,PATRICKMETA,PATRICKL2_NMR_TARGET,PATRICKL3_NMR_TARGET
Cumulative Return (in %),-0.46999999999999886,-10.519999999999996,22.489999999999995,-6.989999999999995,6.359999999999999,-2.049999999999997,-2.239999999999995
Last Week Return (in %),-1.89,-8.8,-2.34,1.45,3.97,4.46,-5.81
Avg Weekly Return (in %),0.04,-0.15,0.44,-0.45,0.29,-0.22,-0.13
VaR Weekly Return *,6.0,6.0,8.0,5.0,7.0,6.0,9.0
Sharpe Weekly Return **,-0.45,-3.66,5.26,-3.42,1.64,-1.01,-0.71
