,PATRICKL,PATRICKL2,PATRICKL3,PATRICKL4,PATRICKMETA,PATRICKL2_NMR_TARGET,PATRICKL3_NMR_TARGET
Cumulative Return (in %),-11.760000000000005,-14.299999999999997,49.370000000000005,-6.989999999999995,4.6200000000000045,0.09999999999999432,2.0400000000000063
Last Week Return (in %),3.2,3.5,-1.5,1.45,9.8,-0.8,2.08
Avg Weekly Return (in %),-0.11,-0.15,0.63,-0.45,0.22,0.05,0.25
VaR Weekly Return *,6.0,6.0,8.0,5.0,9.0,6.0,9.0
Sharpe Weekly Return **,-3.91,-4.61,12.6,-3.16,0.92,-0.08,0.39
