,PATRICKL,PATRICKL2,PATRICKL3,PATRICKL4,PATRICKMETA,PATRICKL2_NMR_TARGET,PATRICKL3_NMR_TARGET
Cumulative Return (in %),-9.659999999999997,-20.680000000000007,42.53999999999999,-6.989999999999995,3.1400000000000006,-5.299999999999997,2.0400000000000063
Last Week Return (in %),-0.775,-3.13,1.8,1.45,16.0,3.8,2.08
Avg Weekly Return (in %),-0.09,-0.29,0.6,-0.45,0.18,-0.27,0.25
VaR Weekly Return *,6.0,6.0,8.0,5.0,9.0,6.0,9.0
Sharpe Weekly Return **,-3.2,-6.59,10.59,-3.12,0.67,-1.74,0.42
