,PATRICKL,PATRICKL2,PATRICKL3,PATRICKL4,PATRICKMETA,PATRICKL2_NMR_TARGET,PATRICKL3_NMR_TARGET
Cumulative Return (in %),-6.310000000000002,1.5400000000000063,46.629999999999995,-6.989999999999995,-1.1200000000000045,-21.709999999999994,2.0400000000000063
Last Week Return (in %),1.2,8.0,1.8,1.45,8.34,-9.7,2.08
Avg Weekly Return (in %),-0.03,0.07,0.57,-0.45,0.11,-0.76,0.25
VaR Weekly Return *,6.0,7.0,8.0,5.0,10.0,8.0,9.0
Sharpe Weekly Return **,-2.04,0.49,12.25,-2.99,-0.2,-5.53,0.49
