,PATRICKL,PATRICKL2,PATRICKL3,PATRICKL4,PATRICKMETA,PATRICKL2_NMR_TARGET,PATRICKL3_NMR_TARGET
Cumulative Return (in %),1.0900000000000034,-3.319999999999993,33.650000000000006,-6.989999999999995,4.700000000000003,-3.719999999999999,2.280000000000001
Last Week Return (in %),1.58,3.85,1.01,1.45,0.28,-2.71,-1.58
Avg Weekly Return (in %),0.07,-0.02,0.62,-0.45,0.26,-0.6,0.36
VaR Weekly Return *,6.0,6.0,8.0,5.0,7.0,5.0,5.0
Sharpe Weekly Return **,0.04,-1.46,8.09,-3.45,1.1,-1.82,0.48
