,PATRICKL,PATRICKL2,PATRICKL3,PATRICKL4,PATRICKMETA,PATRICKL2_NMR_TARGET,PATRICKL3_NMR_TARGET
Cumulative Return (in %),-0.25,-11.069999999999993,16.189999999999998,-6.989999999999995,7.689999999999998,0.7800000000000011,3.480000000000004
Last Week Return (in %),0.22,-0.61,-5.14,1.45,1.25,2.89,5.85
Avg Weekly Return (in %),0.04,-0.16,0.35,-0.45,0.33,0.13,0.41
VaR Weekly Return *,6.0,6.0,8.0,5.0,7.0,6.0,9.0
Sharpe Weekly Return **,-0.41,-3.89,3.68,-3.45,2.05,-0.07,0.55
