,PATRICKL,PATRICKL2,PATRICKL3,PATRICKL4,PATRICKMETA,PATRICKL2_NMR_TARGET,PATRICKL3_NMR_TARGET
Cumulative Return (in %),-17.010000000000005,-18.769999999999996,47.370000000000005,-6.989999999999995,-0.01999999999999602,-3.019999999999996,2.0400000000000063
Last Week Return (in %),1.9,-4.3,2.9,1.45,2.0,1.4,2.08
Avg Weekly Return (in %),-0.2,-0.24,0.63,-0.45,0.1,-0.11,0.25
VaR Weekly Return *,6.0,6.0,8.0,5.0,9.0,6.0,9.0
Sharpe Weekly Return **,-5.53,-5.97,11.97,-3.17,-0.08,-1.13,0.39
