,PATRICKL,PATRICKL2,PATRICKL3,PATRICKL4,PATRICKMETA,PATRICKL2_NMR_TARGET,PATRICKL3_NMR_TARGET
Cumulative Return (in %),5.090000000000003,-4.549999999999997,23.310000000000002,-6.989999999999995,1.75,-6.230000000000004,10.840000000000003
Last Week Return (in %),3.96,-1.27,-7.74,1.45,-2.82,-2.61,8.37
Avg Weekly Return (in %),0.13,-0.04,0.47,-0.45,0.13,-0.88,1.36
VaR Weekly Return *,6.0,6.0,8.0,5.0,7.0,5.0,7.0
Sharpe Weekly Return **,1.37,-1.86,5.39,-3.42,0.25,-2.87,2.7
