,PATRICKL,PATRICKL2,PATRICKL3,PATRICKL4,PATRICKMETA,PATRICKL2_NMR_TARGET,PATRICKL3_NMR_TARGET
Cumulative Return (in %),-10.680000000000007,-7.430000000000007,47.81,-6.989999999999995,-8.730000000000004,-0.8599999999999994,2.0400000000000063
Last Week Return (in %),0.9,6.2,1.0,1.45,-14.2,2.1,2.08
Avg Weekly Return (in %),-0.09,-0.05,0.6,-0.45,-0.08,0.01,0.25
VaR Weekly Return *,6.0,6.0,8.0,5.0,10.0,6.0,9.0
Sharpe Weekly Return **,-3.53,-2.34,12.39,-3.06,-1.75,-0.33,0.45
