,PATRICKL,PATRICKL2,PATRICKL3,PATRICKL4,PATRICKMETA,PATRICKL2_NMR_TARGET,PATRICKL3_NMR_TARGET
Cumulative Return (in %),-7.390000000000001,5.799999999999997,45.75,-6.989999999999995,-15.659999999999997,-24.840000000000003,2.0400000000000063
Last Week Return (in %),-1.151,4.2,-0.6,1.45,-14.7,-4.0,2.08
Avg Weekly Return (in %),-0.05,0.12,0.55,-0.45,-0.22,-0.87,0.25
VaR Weekly Return *,6.0,7.0,8.0,5.0,11.0,8.0,9.0
Sharpe Weekly Return **,-2.39,1.8,12.11,-2.96,-2.8,-6.35,0.5
