,PATRICKL,PATRICKL2,PATRICKL3,PATRICKL4,PATRICKMETA,PATRICKL2_NMR_TARGET,PATRICKL3_NMR_TARGET
Cumulative Return (in %),1.4500000000000028,-1.8900000000000006,25.430000000000007,-6.989999999999995,2.299999999999997,-6.230000000000004,3.7900000000000063
Last Week Return (in %),-3.46,2.79,1.72,1.45,0.54,-2.61,-6.36
Avg Weekly Return (in %),0.07,0.01,0.49,-0.45,0.15,-0.88,0.5
VaR Weekly Return *,6.0,6.0,8.0,5.0,7.0,5.0,8.0
Sharpe Weekly Return **,0.2,-0.94,5.97,-3.39,0.44,-2.85,0.7
