,PATRICKL,PATRICKL2,PATRICKL3,PATRICKL4,PATRICKMETA,PATRICKL2_NMR_TARGET,PATRICKL3_NMR_TARGET
Cumulative Return (in %),-2.0799999999999983,-13.14,15.900000000000006,-6.989999999999995,4.420000000000002,0.7800000000000011,-0.04000000000000625
Last Week Return (in %),-1.83,-2.33,-0.25,1.45,-3.04,2.89,-3.4
Avg Weekly Return (in %),0.01,-0.19,0.34,-0.45,0.21,0.13,0.1
VaR Weekly Return *,6.0,6.0,8.0,5.0,7.0,6.0,9.0
Sharpe Weekly Return **,-1.01,-4.57,3.65,-3.43,1.06,-0.06,-0.22
