,PATRICKL,PATRICKL2,PATRICKL3,PATRICKL4,PATRICKMETA,PATRICKL2_NMR_TARGET,PATRICKL3_NMR_TARGET
Cumulative Return (in %),-11.480000000000004,-12.829999999999998,46.349999999999994,-6.989999999999995,6.3700000000000045,-2.9000000000000057,2.0400000000000063
Last Week Return (in %),0.318,1.71,-2.02,1.45,1.675,-3.0,2.08
Avg Weekly Return (in %),-0.11,-0.13,0.59,-0.45,0.25,-0.08,0.25
VaR Weekly Return *,6.0,6.0,8.0,5.0,9.0,6.0,9.0
Sharpe Weekly Return **,-3.83,-4.15,11.88,-3.14,1.32,-1.11,0.4
