,PATRICKL,PATRICKL2,PATRICKL3,PATRICKL4,PATRICKMETA,PATRICKL2_NMR_TARGET,PATRICKL3_NMR_TARGET
Cumulative Return (in %),-8.89,-17.090000000000003,42.58000000000001,-6.989999999999995,-15.040000000000006,-10.269999999999996,2.0400000000000063
Last Week Return (in %),-7.08,2.91,5.32,1.45,-0.6,-0.99,2.08
Avg Weekly Return (in %),-0.09,-0.24,0.63,-0.45,-0.42,-0.72,0.25
VaR Weekly Return *,6.0,6.0,8.0,5.0,7.0,6.0,9.0
Sharpe Weekly Return **,-2.88,-5.55,10.39,-3.11,-4.38,-3.48,0.42
