,PATRICKL,PATRICKL2,PATRICKL3,PATRICKL4,PATRICKMETA,PATRICKL2_NMR_TARGET,PATRICKL3_NMR_TARGET
Cumulative Return (in %),3.799999999999997,-15.5,17.769999999999996,-6.989999999999995,3.4099999999999966,-9.209999999999994,-0.04000000000000625
Last Week Return (in %),4.82,-2.93,0.46,1.45,-0.42,-5.62,-3.4
Avg Weekly Return (in %),0.1,-0.23,0.35,-0.45,0.16,-0.82,0.1
VaR Weekly Return *,6.0,6.0,8.0,5.0,6.0,7.0,9.0
Sharpe Weekly Return **,1.05,-5.29,4.25,-3.31,0.87,-2.96,-0.15
