,PATRICKL,PATRICKL2,PATRICKL3,PATRICKL4,PATRICKMETA,PATRICKL2_NMR_TARGET,PATRICKL3_NMR_TARGET
Cumulative Return (in %),-14.420000000000002,-18.08,49.370000000000005,-6.989999999999995,4.6200000000000045,-2.1899999999999977,2.0400000000000063
Last Week Return (in %),1.4,2.8,-1.5,1.45,9.8,-1.9,2.08
Avg Weekly Return (in %),-0.16,-0.22,0.63,-0.45,0.22,-0.06,0.25
VaR Weekly Return *,6.0,6.0,8.0,5.0,9.0,6.0,9.0
Sharpe Weekly Return **,-4.76,-5.8,12.58,-3.19,0.91,-0.89,0.38
