,PATRICKL,PATRICKL2,PATRICKL3,PATRICKL4,PATRICKMETA,PATRICKL2_NMR_TARGET,PATRICKL3_NMR_TARGET
Cumulative Return (in %),-15.599999999999994,-20.310000000000002,51.639999999999986,-6.989999999999995,-4.719999999999999,-0.29999999999999716,2.0400000000000063
Last Week Return (in %),1.7,-1.9,2.9,1.45,-4.7,2.8,2.08
Avg Weekly Return (in %),-0.18,-0.26,0.66,-0.45,-0.02,0.03,0.25
VaR Weekly Return *,6.0,6.0,8.0,5.0,9.0,6.0,9.0
Sharpe Weekly Return **,-5.13,-6.51,13.09,-3.21,-1.16,-0.25,0.37
