,PATRICKL,PATRICKL2,PATRICKL3,PATRICKL4,PATRICKMETA,PATRICKL2_NMR_TARGET,PATRICKL3_NMR_TARGET
Cumulative Return (in %),-18.560000000000002,-15.120000000000005,43.22,-6.989999999999995,-1.980000000000004,-4.359999999999999,2.0400000000000063
Last Week Return (in %),-5.3,3.0,-1.2,1.45,3.3,0.9,2.08
Avg Weekly Return (in %),-0.23,-0.18,0.59,-0.45,0.05,-0.19,0.25
VaR Weekly Return *,6.0,6.0,8.0,5.0,9.0,6.0,9.0
Sharpe Weekly Return **,-5.96,-4.81,10.89,-3.12,-0.49,-1.52,0.42
