,PATRICKL,PATRICKL2,PATRICKL3,PATRICKL4,PATRICKMETA,PATRICKL2_NMR_TARGET,PATRICKL3_NMR_TARGET
Cumulative Return (in %),-0.9699999999999989,-12.950000000000003,17.769999999999996,-6.989999999999995,3.4099999999999966,-9.209999999999994,-0.04000000000000625
Last Week Return (in %),0.41,2.11,0.46,1.45,-0.42,-5.62,-3.4
Avg Weekly Return (in %),0.03,-0.18,0.35,-0.45,0.16,-0.82,0.1
VaR Weekly Return *,6.0,6.0,8.0,5.0,6.0,7.0,9.0
Sharpe Weekly Return **,-0.56,-4.47,4.24,-3.32,0.86,-2.98,-0.16
